city,year,pm25_mean,pm25_max,number,beds,respiratory_cases
Islamabad,2019,111.7469387755102,213,NA,NA,2758
Islamabad,2020,118.54545454545455,236,NA,NA,3574
Karachi,2019,107.30697674418604,210,NA,NA,2894
Karachi,2020,126.06363636363636,213,NA,NA,2807
Lahore,2019,189.46351931330472,478,NA,NA,3632
Lahore,2020,155.62727272727273,375,NA,NA,2680
Peshawar,2019,145.8110599078341,343,NA,NA,3481
Peshawar,2020,138.78181818181818,425,NA,NA,3421
